Name,OriginID,DestinationID,DestinationRank,Total_Length
Ankang - Chengdu,1,2,1,655.7523683
Ankang - Beijing,1,1,2,1283.110031
Ankang - Shanghai,1,4,3,1450.549249
Ankang - Guangzhou,1,3,4,1704.37434
Anqing - Shanghai,2,4,1,662.8666616
Anqing - Beijing,2,1,2,1226.138937
Anqing - Guangzhou,2,3,3,1307.429377
Anqing - Chengdu,2,2,4,1683.65978
Anshan - Beijing,3,1,1,694.7993237
Anshan - Shanghai,3,4,2,1957.035545
Anshan - Chengdu,3,2,3,2519.020812
Anshan - Guangzhou,3,3,4,2891.956605
Anshun - Chengdu,4,2,1,736.2616198
Anshun - Guangzhou,4,3,2,1231.78023
Anshun - Shanghai,4,4,3,1941.62658
Anshun - Beijing,4,1,4,2221.841725
Anyang - Beijing,5,1,1,499.2762759
Anyang - Shanghai,5,4,2,1044.937994
Anyang - Chengdu,5,2,3,1425.16704
Anyang - Guangzhou,5,3,4,1741.557355
Baicheng - Beijing,6,1,1,986.0747128
Baicheng - Shanghai,6,4,2,2315.777514
Baicheng - Chengdu,6,2,3,2807.909936
Baicheng - Guangzhou,6,3,4,3224.522078
Baise - Guangzhou,7,3,1,887.2395689
Baise - Chengdu,7,2,2,1105.513219
Baise - Shanghai,7,4,3,2122.536554
Baise - Beijing,7,1,4,2497.312574
Baishan - Beijing,8,1,1,1032.393984
Baishan - Shanghai,8,4,2,2294.630205
Baishan - Chengdu,8,2,3,2856.615472
Baishan - Guangzhou,8,3,4,3229.551265
Baiyin - Chengdu,9,2,1,992.6923076
Baiyin - Beijing,9,1,2,1488.820161
Baiyin - Shanghai,9,4,3,2075.562736
Baiyin - Guangzhou,9,3,4,2458.408595
Baoding - Beijing,10,1,1,145.3255888
Baoding - Shanghai,10,4,2,1300.365341
Baoding - Chengdu,10,2,3,1678.8959
Baoding - Guangzhou,10,3,4,2095.508042
Baoji - Chengdu,11,2,1,618.19443
Baoji - Beijing,11,1,2,1223.258034
Baoji - Shanghai,11,4,3,1600.48137
Baoji - Guangzhou,11,3,4,1983.327229
Baoshan - Chengdu,12,2,1,1153.388765
Baoshan - Guangzhou,12,3,2,2048.373974
Baoshan - Shanghai,12,4,3,2928.285719
Baoshan - Beijing,12,1,4,2970.142345
Baotou - Beijing,13,1,1,688.3526854
Baotou - Chengdu,13,2,2,1669.415484
Baotou - Shanghai,13,4,3,1964.526352
Baotou - Guangzhou,13,3,4,2600.866877
Bayan Nur - Beijing,14,1,1,934.9884093
Bayan Nur - Chengdu,14,2,2,1495.028094
Bayan Nur - Shanghai,14,4,3,2156.658154
Bayan Nur - Guangzhou,14,3,4,2729.946044
Bazhong - Chengdu,15,2,1,374.2602276
Bazhong - Beijing,15,1,2,1590.965086
Bazhong - Guangzhou,15,3,3,1784.6127
Bazhong - Shanghai,15,4,4,1906.476794
Beihai - Guangzhou,16,3,1,610.4576968
Beihai - Chengdu,16,2,2,1466.215946
Beihai - Shanghai,16,4,3,1999.891299
Beihai - Beijing,16,1,4,2558.688747
Beijing - Beijing,17,1,1,0
Beijing - Shanghai,17,4,2,1386.204916
Beijing - Chengdu,17,2,3,1824.221489
Beijing - Guangzhou,17,3,4,2240.833631
Bengbu - Shanghai,18,4,1,494.5379555
Bengbu - Beijing,18,1,2,906.1048203
Bengbu - Guangzhou,18,3,3,1532.717272
Bengbu - Chengdu,18,2,4,1689.132298
Benxi - Beijing,19,1,1,785.3022308
Benxi - Shanghai,19,4,2,2047.538452
Benxi - Chengdu,19,2,3,2609.52372
Benxi - Guangzhou,19,3,4,2982.459512
Binzhou - Beijing,20,1,1,403.7958669
Binzhou - Shanghai,20,4,2,1015.961095
Binzhou - Chengdu,20,2,3,1875.996591
Binzhou - Guangzhou,20,3,4,2104.543027
Bozhou - Shanghai,21,4,1,792.1481062
Bozhou - Beijing,21,1,2,825.329649
Bozhou - Chengdu,21,2,3,1428.257758
Bozhou - Guangzhou,21,3,4,1528.156265
Cangzhou - Beijing,22,1,1,219.2021148
Cangzhou - Shanghai,22,4,2,1198.254769
Cangzhou - Chengdu,22,2,3,1757.384441
Cangzhou - Guangzhou,22,3,4,2124.394283
Changchun - Beijing,23,1,1,998.0931401
Changchun - Shanghai,23,4,2,2260.329361
Changchun - Chengdu,23,2,3,2822.314629
Changchun - Guangzhou,23,3,4,3195.250421
Changde - Guangzhou,24,3,1,985.6316634
Changde - Chengdu,24,2,2,1110.521899
Changde - Shanghai,24,4,3,1443.368705
Changde - Beijing,24,1,4,1576.732709
Changsha - Guangzhou,25,3,1,699.0353987
Changsha - Shanghai,25,4,2,1105.624584
Changsha - Chengdu,25,2,3,1332.579276
Changsha - Beijing,25,1,4,1564.61599
Changzhi - Beijing,26,1,1,583.7105848
Changzhi - Shanghai,26,4,2,1170.50078
Changzhi - Chengdu,26,2,3,1275.938146
Changzhi - Guangzhou,26,3,4,1781.682097
Changzhou - Shanghai,27,4,1,178.0949103
Changzhou - Beijing,27,1,2,1208.110005
Changzhou - Guangzhou,27,3,3,1449.85273
Changzhou - Chengdu,27,2,4,1928.206707
Chaoyang - Beijing,28,1,1,459.5435886
Chaoyang - Shanghai,28,4,2,1771.056513
Chaoyang - Chengdu,28,2,3,2283.765077
Chaoyang - Guangzhou,28,3,4,2700.377219
Chaozhou - Guangzhou,29,3,1,454.8828011
Chaozhou - Shanghai,29,4,2,1269.107558
Chaozhou - Chengdu,29,2,3,2047.734206
Chaozhou - Beijing,29,1,4,2328.3326
Chengde - Beijing,30,1,1,230.9597591
Chengde - Shanghai,30,4,2,1565.984246
Chengde - Chengdu,30,2,3,2052.794982
Chengde - Guangzhou,30,3,4,2469.407124
Chengdu - Chengdu,31,2,1,0
Chengdu - Guangzhou,31,3,2,1723.378254
Chengdu - Beijing,31,1,3,1824.221489
Chengdu - Shanghai,31,4,4,2106.301617
Chenzhou - Guangzhou,32,3,1,392.6503616
Chenzhou - Shanghai,32,4,2,1221.932034
Chenzhou - Chengdu,32,2,3,1408.961373
Chenzhou - Beijing,32,1,4,1848.183269
Chifeng - Beijing,33,1,1,412.1235609
Chifeng - Shanghai,33,4,2,1754.914791
Chifeng - Chengdu,33,2,3,2233.958784
Chifeng - Guangzhou,33,3,4,2650.570926
Chizhou - Shanghai,34,4,1,443.4234193
Chizhou - Guangzhou,34,3,2,1233.100641
Chizhou - Beijing,34,1,3,1326.276067
Chizhou - Chengdu,34,2,4,1872.879781
Chongqing - Chengdu,35,2,1,370.0980378
Chongqing - Guangzhou,35,3,2,1449.769768
Chongqing - Beijing,35,1,3,1790.627912
Chongqing - Shanghai,35,4,4,1977.717413
Chongzuo - Guangzhou,36,3,1,796.4510548
Chongzuo - Chengdu,36,2,2,1356.748161
Chongzuo - Shanghai,36,4,3,2061.40307
Chongzuo - Beijing,36,1,4,2533.397814
Chuzhou - Shanghai,37,4,1,365.4847342
Chuzhou - Beijing,37,1,2,1032.010383
Chuzhou - Guangzhou,37,3,3,1497.276682
Chuzhou - Chengdu,37,2,4,1747.819294
Dalian - Beijing,38,1,1,873.5102166
Dalian - Shanghai,38,4,2,2135.746438
Dalian - Chengdu,38,2,3,2697.731705
Dalian - Guangzhou,38,3,4,3070.667498
Dandong - Beijing,39,1,1,874.6027059
Dandong - Shanghai,39,4,2,2136.838927
Dandong - Chengdu,39,2,3,2698.824195
Dandong - Guangzhou,39,3,4,3071.759987
Daqing - Beijing,40,1,1,1175.201231
Daqing - Shanghai,40,4,2,2495.646421
Daqing - Chengdu,40,2,3,2997.036454
Daqing - Guangzhou,40,3,4,3413.648596
Datong - Beijing,41,1,1,364.1942414
Datong - Shanghai,41,4,2,1588.083005
Datong - Chengdu,41,2,3,1709.535842
Datong - Guangzhou,41,3,4,2293.156931
Dazhou - Chengdu,42,2,1,447.0383062
Dazhou - Beijing,42,1,2,1472.17381
Dazhou - Guangzhou,42,3,3,1614.012855
Dazhou - Shanghai,42,4,4,1659.263311
Deyang - Chengdu,43,2,1,43.58209643
Deyang - Guangzhou,43,3,2,1763.085774
Deyang - Beijing,43,1,3,1780.639392
Deyang - Shanghai,43,4,4,2096.683145
Dezhou - Beijing,44,1,1,297.2303237
Dezhou - Shanghai,44,4,2,1088.974592
Dezhou - Chengdu,44,2,3,1685.789704
Dezhou - Guangzhou,44,3,4,2028.493302
Dingxi - Chengdu,45,2,1,778.8789025
Dingxi - Beijing,45,1,2,1467.48852
Dingxi - Shanghai,45,4,3,1934.41685
Dingxi - Guangzhou,45,3,4,2317.262709
Dongguan - Guangzhou,46,3,1,47.34317193
Dongguan - Shanghai,46,4,2,1504.813169
Dongguan - Chengdu,46,2,3,1770.721426
Dongguan - Beijing,46,1,4,2288.176802
Dongying - Beijing,47,1,1,533.5666362
Dongying - Shanghai,47,4,2,1016.142787
Dongying - Chengdu,47,2,3,1920.450804
Dongying - Guangzhou,47,3,4,2141.403202
Ezhou - Shanghai,48,4,1,901.9473649
Ezhou - Guangzhou,48,3,2,1057.598638
Ezhou - Beijing,48,1,3,1265.595347
Ezhou - Chengdu,48,2,4,1384.888425
Fangchenggang - Guangzhou,49,3,1,699.9982179
Fangchenggang - Chengdu,49,2,2,1453.547146
Fangchenggang - Shanghai,49,4,3,2089.43182
Fangchenggang - Beijing,49,1,4,2565.459816
Foshan - Guangzhou,50,3,1,34.66980354
Foshan - Shanghai,50,4,2,1467.943922
Foshan - Chengdu,50,2,3,1695.611723
Foshan - Beijing,50,1,4,2242.512738
Fushun - Beijing,51,1,1,781.303072
Fushun - Shanghai,51,4,2,2043.539293
Fushun - Chengdu,51,2,3,2605.524561
Fushun - Guangzhou,51,3,4,2978.460353
Fuxin - Beijing,52,1,1,643.0883037
Fuxin - Shanghai,52,4,2,1924.700818
Fuxin - Chengdu,52,2,3,2467.309792
Fuxin - Guangzhou,52,3,4,2859.621878
Fuyang - Shanghai,53,4,1,696.5900353
Fuyang - Beijing,53,1,2,907.8721892
Fuyang - Chengdu,53,2,3,1505.768159
Fuyang - Guangzhou,53,3,4,1541.039517
Fuzhou_Fujian - Shanghai,54,4,1,887.7956093
Fuzhou_Fujian - Guangzhou,54,3,2,989.7399522
Fuzhou_Fujian - Beijing,54,1,3,2092.490759
Fuzhou_Fujian - Chengdu,54,2,4,2225.470175
Fuzhou_Jiangxi - Shanghai,55,4,1,774.6045762
Fuzhou_Jiangxi - Guangzhou,55,3,2,782.9551302
Fuzhou_Jiangxi - Beijing,55,1,3,1652.368317
Fuzhou_Jiangxi - Chengdu,55,2,4,1709.51909
Ganzhou - Guangzhou,56,3,1,439.8592421
Ganzhou - Shanghai,56,4,2,1035.085015
Ganzhou - Chengdu,56,2,3,1762.134141
Ganzhou - Beijing,56,1,4,1956.513589
Guang'an - Chengdu,57,2,1,318.1330648
Guang'an - Guangzhou,57,3,2,1554.147347
Guang'an - Beijing,57,1,3,1643.32181
Guang'an - Shanghai,57,4,4,1830.411311
Guangyuan - Chengdu,58,2,1,303.4556451
Guangyuan - Beijing,58,1,2,1521.918423
Guangyuan - Shanghai,58,4,3,1837.962176
Guangyuan - Guangzhou,58,3,4,1913.296068
Guangzhou - Guangzhou,59,3,1,0
Guangzhou - Shanghai,59,4,2,1466.264814
Guangzhou - Chengdu,59,2,3,1723.378254
Guangzhou - Beijing,59,1,4,2240.833631
Guigang - Guangzhou,60,3,1,508.2802021
Guigang - Chengdu,60,2,2,1302.353484
Guigang - Shanghai,60,4,3,1870.902421
Guigang - Beijing,60,1,4,2359.086095
Guilin - Guangzhou,61,3,1,564.9883885
Guilin - Chengdu,61,2,2,1158.643814
Guilin - Shanghai,61,4,3,1536.82828
Guilin - Beijing,61,1,4,2064.915042
Guiyang - Chengdu,62,2,1,683.5821924
Guiyang - Guangzhou,62,3,2,1145.312058
Guiyang - Shanghai,62,4,3,1855.158408
Guiyang - Beijing,62,1,4,2135.373553
Guyuan - Chengdu,63,2,1,882.1544642
Guyuan - Beijing,63,1,2,1332.932152
Guyuan - Shanghai,63,4,3,1824.841683
Guyuan - Guangzhou,63,3,4,2213.871589
Haikou - Guangzhou,64,3,1,634.9360759
Haikou - Chengdu,64,2,2,1700.703681
Haikou - Shanghai,64,4,3,2052.484745
Haikou - Beijing,64,1,4,2734.724043
Handan - Beijing,65,1,1,443.7837037
Handan - Shanghai,65,4,2,1101.244919
Handan - Chengdu,65,2,3,1442.913501
Handan - Guangzhou,65,3,4,1798.532243
Hangzhou - Shanghai,66,4,1,169.6922681
Hangzhou - Guangzhou,66,3,2,1307.506985
Hangzhou - Beijing,66,1,3,1402.197354
Hangzhou - Chengdu,66,2,4,2122.294056
Hanzhong - Chengdu,67,2,1,472.194311
Hanzhong - Beijing,67,1,2,1352.027178
Hanzhong - Shanghai,67,4,3,1668.070931
Hanzhong - Guangzhou,67,3,4,1921.896022
Harbin - Beijing,68,1,1,1231.620477
Harbin - Shanghai,68,4,2,2493.856698
Harbin - Chengdu,68,2,3,3055.841965
Harbin - Guangzhou,68,3,4,3428.777758
Hebi - Beijing,69,1,1,544.8144133
Hebi - Shanghai,69,4,2,1026.583604
Hebi - Chengdu,69,2,3,1381.185588
Hebi - Guangzhou,69,3,4,1696.019217
Hechi - Guangzhou,70,3,1,730.2935526
Hechi - Chengdu,70,2,2,1082.438155
Hechi - Shanghai,70,4,3,1797.710353
Hechi - Beijing,70,1,4,2196.101763
Hefei - Shanghai,71,4,1,509.0810659
Hefei - Beijing,71,1,2,1041.705636
Hefei - Guangzhou,71,3,3,1396.96011
Hefei - Chengdu,71,2,4,1606.20546
Hegang - Beijing,72,1,1,1648.012137
Hegang - Shanghai,72,4,2,2910.248358
Hegang - Chengdu,72,2,3,3472.233626
Hegang - Guangzhou,72,3,4,3845.169418
Heihe - Beijing,73,1,1,1437.0921
Heihe - Shanghai,73,4,2,2760.795572
Heihe - Chengdu,73,2,3,3258.927323
Heihe - Guangzhou,73,3,4,3675.539465
Hengshui - Beijing,74,1,1,280.9750709
Hengshui - Shanghai,74,4,2,1150.751917
Hengshui - Chengdu,74,2,3,1624.012379
Hengshui - Guangzhou,74,3,4,1991.022221
Hengyang - Guangzhou,75,3,1,529.6357776
Hengyang - Shanghai,75,4,2,1188.188928
Hengyang - Chengdu,75,2,3,1271.99053
Hengyang - Beijing,75,1,4,1734.030174
Heyuan - Guangzhou,76,3,1,244.0031813
Heyuan - Shanghai,76,4,2,1347.017496
Heyuan - Chengdu,76,2,3,1914.766549
Heyuan - Beijing,76,1,4,2347.336562
Heze - Beijing,77,1,1,644.6980925
Heze - Shanghai,77,4,2,862.1975248
Heze - Chengdu,77,2,3,1439.529542
Heze - Guangzhou,77,3,4,1666.540533
Hezhou - Guangzhou,78,3,1,340.7167033
Hezhou - Chengdu,78,2,2,1387.0309
Hezhou - Shanghai,78,4,3,1523.461734
Hezhou - Beijing,78,1,4,2149.924348
Hohhot - Beijing,79,1,1,521.3987743
Hohhot - Shanghai,79,4,2,1797.572441
Hohhot - Chengdu,79,2,3,1798.492841
Hohhot - Guangzhou,79,3,4,2433.912966
Huai'an - Shanghai,80,4,1,498.2933476
Huai'an - Beijing,80,1,2,887.911568
Huai'an - Guangzhou,80,3,3,1630.085296
Huai'an - Chengdu,80,2,4,1818.470992
Huaibei - Shanghai,81,4,1,622.2922903
Huaibei - Beijing,81,1,2,791.5798806
Huaibei - Chengdu,81,2,3,1583.138936
Huaibei - Guangzhou,81,3,4,1659.732064
Huaihua - Guangzhou,82,3,1,839.7737046
Huaihua - Chengdu,82,2,2,921.9080967
Huaihua - Shanghai,82,4,3,1465.37992
Huaihua - Beijing,82,1,4,1789.460569
Huainan - Shanghai,83,4,1,524.560055
Huainan - Beijing,83,1,2,973.8816774
Huainan - Guangzhou,83,3,3,1485.668657
Huainan - Chengdu,83,2,4,1637.719792
Huanggang - Shanghai,84,4,1,826.2474176
Huanggang - Guangzhou,84,3,2,1166.880067
Huanggang - Beijing,84,1,3,1208.826349
Huanggang - Chengdu,84,2,4,1402.195096
Huangshan - Shanghai,85,4,1,400.480061
Huangshan - Guangzhou,85,3,2,1130.797667
Huangshan - Beijing,85,1,3,1414.677054
Huangshan - Chengdu,85,2,4,1886.355729
Huangshi - Shanghai,86,4,1,871.0047958
Huangshi - Guangzhou,86,3,2,1052.892414
Huangshi - Beijing,86,1,3,1309.348274
Huangshi - Chengdu,86,2,4,1428.641352
Huizhou - Guangzhou,87,3,1,137.5845367
Huizhou - Shanghai,87,4,2,1414.424501
Huizhou - Chengdu,87,2,3,1860.962791
Huizhou - Beijing,87,1,4,2365.965591
Huludao - Beijing,88,1,1,455.023976
Huludao - Shanghai,88,4,2,1717.260197
Huludao - Chengdu,88,2,3,2279.245465
Huludao - Guangzhou,88,3,4,2652.181257
Hulunbuir - Beijing,89,1,1,1471.224193
Hulunbuir - Shanghai,89,4,2,2849.761286
Hulunbuir - Chengdu,89,2,3,3277.415884
Hulunbuir - Guangzhou,89,3,4,3709.671558
Huzhou - Shanghai,90,4,1,217.1275797
Huzhou - Beijing,90,1,2,1318.528168
Huzhou - Guangzhou,90,3,3,1366.794785
Huzhou - Chengdu,90,2,4,2038.62487
Ji'an - Guangzhou,91,3,1,600.5220197
Ji'an - Shanghai,91,4,2,960.5859698
Ji'an - Chengdu,91,2,3,1582.3896
Ji'an - Beijing,91,1,4,1784.217733
Jiamusi - Beijing,92,1,1,1593.595233
Jiamusi - Shanghai,92,4,2,2855.831454
Jiamusi - Chengdu,92,2,3,3417.816722
Jiamusi - Guangzhou,92,3,4,3790.752514
Jiangmen - Guangzhou,93,3,1,89.90185401
Jiangmen - Shanghai,93,4,2,1535.918075
Jiangmen - Chengdu,93,2,3,1744.577294
Jiangmen - Beijing,93,1,4,2310.486891
Jiaozuo - Beijing,94,1,1,670.2706901
Jiaozuo - Shanghai,94,4,2,1028.186095
Jiaozuo - Chengdu,94,2,3,1269.639621
Jiaozuo - Guangzhou,94,3,4,1639.367412
Jiaxing - Shanghai,95,4,1,93.09653215
Jiaxing - Guangzhou,95,3,2,1385.13057
Jiaxing - Beijing,95,1,3,1412.929912
Jiaxing - Chengdu,95,2,4,2133.026613
Jiayuguan - Chengdu,96,2,1,1609.107386
Jiayuguan - Beijing,96,1,2,1995.751727
Jiayuguan - Shanghai,96,4,3,2738.166979
Jiayuguan - Guangzhou,96,3,4,3127.196885
Jieyang - Guangzhou,97,3,1,423.4958754
Jieyang - Shanghai,97,4,2,1285.467685
Jieyang - Chengdu,97,2,3,2016.34728
Jieyang - Beijing,97,1,4,2296.945674
Jilin - Beijing,98,1,1,1140.808709
Jilin - Shanghai,98,4,2,2403.044931
Jilin - Chengdu,98,2,3,2965.030198
Jilin - Guangzhou,98,3,4,3337.965991
Jinan - Beijing,99,1,1,428.2086094
Jinan - Shanghai,99,4,2,987.0224292
Jinan - Chengdu,99,2,3,1715.868329
Jinan - Guangzhou,99,3,4,1955.413964
Jinchang - Chengdu,100,2,1,1226.331935
Jinchang - Beijing,100,1,2,1611.094292
Jinchang - Shanghai,100,4,3,2353.509544
Jinchang - Guangzhou,100,3,4,2742.53945
Jincheng - Beijing,101,1,1,668.2370127
Jincheng - Shanghai,101,4,2,1074.95988
Jincheng - Chengdu,101,2,3,1251.238379
Jincheng - Guangzhou,101,3,4,1686.141196
Jingdezhen - Shanghai,102,4,1,552.1973514
Jingdezhen - Guangzhou,102,3,2,979.0803763
Jingdezhen - Beijing,102,1,3,1538.916487
Jingdezhen - Chengdu,102,2,4,1737.381512
Jingmen - Chengdu,103,2,1,1132.108059
Jingmen - Shanghai,103,4,2,1153.792875
Jingmen - Beijing,103,1,3,1247.951714
Jingmen - Guangzhou,103,3,4,1280.607303
Jingzhou - Shanghai,104,4,1,1142.014418
Jingzhou - Chengdu,104,2,2,1181.017026
Jingzhou - Guangzhou,104,3,3,1225.786358
Jingzhou - Beijing,104,1,4,1330.542704
Jinhua - Shanghai,105,4,1,356.2927386
Jinhua - Guangzhou,105,3,2,1157.201895
Jinhua - Beijing,105,1,3,1580.480299
Jinhua - Chengdu,105,2,4,2037.40338
Jining - Beijing,106,1,1,583.6261924
Jining - Shanghai,106,4,2,814.8068406
Jining - Chengdu,106,2,3,1557.313056
Jining - Guangzhou,106,3,4,1777.223512
Jinzhong - Beijing,107,1,1,458.4864866
Jinzhong - Shanghai,107,4,2,1338.890537
Jinzhong - Chengdu,107,2,3,1365.759736
Jinzhong - Guangzhou,107,3,4,1979.232273
Jinzhou - Beijing,108,1,1,516.7755174
Jinzhou - Shanghai,108,4,2,1779.011739
Jinzhou - Chengdu,108,2,3,2340.997006
Jinzhou - Guangzhou,108,3,4,2713.932799
Jiujiang - Shanghai,109,4,1,714.8147865
Jiujiang - Guangzhou,109,3,2,954.2486273
Jiujiang - Beijing,109,1,3,1452.727926
Jiujiang - Chengdu,109,2,4,1572.021004
Jiuquan - Chengdu,110,2,1,1703.390524
Jiuquan - Beijing,110,1,2,2090.034865
Jiuquan - Shanghai,110,4,3,2832.450117
Jiuquan - Guangzhou,110,3,4,3221.480023
Jixi - Beijing,111,1,1,1708.262088
Jixi - Shanghai,111,4,2,2970.49831
Jixi - Chengdu,111,2,3,3532.483577
Jixi - Guangzhou,111,3,4,3905.41937
Kaifeng - Beijing,112,1,1,712.1885785
Kaifeng - Shanghai,112,4,2,879.7071066
Kaifeng - Chengdu,112,2,3,1324.70892
Kaifeng - Guangzhou,112,3,4,1579.993479
Karamay - Chengdu,113,2,1,2939.402825
Karamay - Beijing,113,1,2,3326.047166
Karamay - Shanghai,113,4,3,4068.462418
Karamay - Guangzhou,113,3,4,4457.492324
Kunming - Chengdu,114,2,1,925.4065207
Kunming - Guangzhou,114,3,2,1517.250376
Kunming - Shanghai,114,4,3,2397.162122
Kunming - Beijing,114,1,4,2638.740637
Laibin - Guangzhou,115,3,1,635.0332599
Laibin - Chengdu,115,2,2,1230.49125
Laibin - Shanghai,115,4,3,1760.333987
Laibin - Beijing,115,1,4,2232.328731
Laiwu - Beijing,116,1,1,523.3254681
Laiwu - Shanghai,116,4,2,877.746458
Laiwu - Chengdu,116,2,3,1718.332447
Laiwu - Guangzhou,116,3,4,1938.242903
Langfang - Beijing,117,1,1,60.39840513
Langfang - Shanghai,117,4,2,1362.845021
Langfang - Chengdu,117,2,3,1853.963062
Langfang - Guangzhou,117,3,4,2268.6184
Lanzhou - Chengdu,118,2,1,887.4355464
Lanzhou - Beijing,118,1,2,1580.533971
Lanzhou - Shanghai,118,4,3,2057.07221
Lanzhou - Guangzhou,118,3,4,2439.918069
Leshan - Chengdu,119,2,1,146.8801933
Leshan - Guangzhou,119,3,2,1674.741124
Leshan - Beijing,119,1,3,1964.902673
Leshan - Shanghai,119,4,4,2239.038865
Lianyungang - Shanghai,120,4,1,635.3746067
Lianyungang - Beijing,120,1,2,776.6298719
Lianyungang - Chengdu,120,2,3,1766.883208
Lianyungang - Guangzhou,120,3,4,1767.166555
Liaocheng - Beijing,121,1,1,467.995337
Liaocheng - Shanghai,121,4,2,1115.72258
Liaocheng - Chengdu,121,2,3,1575.688282
Liaocheng - Guangzhou,121,3,4,1879.027614
Liaoyang - Beijing,122,1,1,728.7800923
Liaoyang - Shanghai,122,4,2,1991.016314
Liaoyang - Chengdu,122,2,3,2553.001581
Liaoyang - Guangzhou,122,3,4,2925.937374
Liaoyuan - Beijing,123,1,1,926.2578502
Liaoyuan - Shanghai,123,4,2,2188.494072
Liaoyuan - Chengdu,123,2,3,2750.479339
Liaoyuan - Guangzhou,123,3,4,3123.415132
Lijiang - Chengdu,124,2,1,834.208264
Lijiang - Guangzhou,124,3,2,2033.253218
Lijiang - Beijing,124,1,3,2649.247569
Lijiang - Shanghai,124,4,4,2913.164963
Lincang - Chengdu,125,2,1,1164.132761
Lincang - Guangzhou,125,3,2,1830.087668
Lincang - Shanghai,125,4,3,2895.604125
Lincang - Beijing,125,1,4,2980.886342
Linfen - Beijing,126,1,1,693.6748826
Linfen - Chengdu,126,2,2,1130.546606
Linfen - Shanghai,126,4,3,1277.076888
Linfen - Guangzhou,126,3,4,1888.258205
Linyi - Beijing,127,1,1,683.9872251
Linyi - Shanghai,127,4,2,709.7552325
Linyi - Chengdu,127,2,3,1737.038566
Linyi - Guangzhou,127,3,4,1837.056045
Lishui - Shanghai,128,4,1,454.9234308
Lishui - Guangzhou,128,3,2,1217.993328
Lishui - Beijing,128,1,3,1679.110991
Lishui - Chengdu,128,2,4,2144.109091
Liupanshui - Chengdu,129,2,1,676.9472514
Liupanshui - Guangzhou,129,3,2,1371.454695
Liupanshui - Shanghai,129,4,3,2081.301045
Liupanshui - Beijing,129,1,4,2349.048362
Liuzhou - Guangzhou,130,3,1,634.3837592
Liuzhou - Chengdu,130,2,2,1178.347948
Liuzhou - Shanghai,130,4,3,1701.80056
Liuzhou - Beijing,130,1,4,2173.995165
Longnan - Chengdu,131,2,1,510.9617383
Longnan - Beijing,131,1,2,1544.398931
Longnan - Shanghai,131,4,3,1906.681112
Longnan - Guangzhou,131,3,4,2133.785653
Longyan - Guangzhou,132,3,1,584.9557207
Longyan - Shanghai,132,4,2,1028.272489
Longyan - Chengdu,132,2,3,2029.003862
Longyan - Beijing,132,1,4,2110.342019
Loudi - Guangzhou,133,3,1,688.4863974
Loudi - Shanghai,133,4,2,1198.636923
Loudi - Chengdu,133,2,3,1210.684668
Loudi - Beijing,133,1,4,1712.927756
Lu'an - Shanghai,134,4,1,576.4432262
Lu'an - Beijing,134,1,2,1105.692129
Lu'an - Guangzhou,134,3,3,1377.807255
Lu'an - Chengdu,134,2,4,1529.858391
Luliang - Beijing,135,1,1,623.9051144
Luliang - Chengdu,135,2,2,1321.513699
Luliang - Shanghai,135,4,3,1489.610341
Luliang - Guangzhou,135,3,4,2100.791658
Luohe - Beijing,136,1,1,802.8052653
Luohe - Shanghai,136,4,2,959.5077501
Luohe - Chengdu,136,2,3,1259.115063
Luohe - Guangzhou,136,3,4,1438.028365
Luoyang - Beijing,137,1,1,792.5825753
Luoyang - Shanghai,137,4,2,1068.027399
Luoyang - Chengdu,137,2,3,1133.417426
Luoyang - Guangzhou,137,3,4,1629.072564
Luzhou - Chengdu,138,2,1,274.452031
Luzhou - Guangzhou,138,3,2,1458.803649
Luzhou - Beijing,138,1,3,1881.352572
Luzhou - Shanghai,138,4,4,2068.442072
Ma'anshan - Shanghai,139,4,1,361.2796226
Ma'anshan - Beijing,139,1,2,1149.527186
Ma'anshan - Guangzhou,139,3,3,1368.469678
Ma'anshan - Chengdu,139,2,4,1869.623888
Maoming - Guangzhou,140,3,1,413.039899
Maoming - Chengdu,140,2,2,1550.09745
Maoming - Shanghai,140,4,3,1831.454597
Maoming - Beijing,140,1,4,2539.823108
Meishan - Chengdu,141,2,1,84.51968378
Meishan - Guangzhou,141,3,2,1746.940422
Meishan - Beijing,141,1,3,1901.273265
Meishan - Shanghai,141,4,4,2190.821301
Meizhou - Guangzhou,142,3,1,407.7426149
Meizhou - Shanghai,142,4,2,1174.147463
Meizhou - Chengdu,142,2,3,1967.939796
Meizhou - Beijing,142,1,4,2186.109471
Mianyang - Chengdu,143,2,1,160.0307393
Mianyang - Beijing,143,1,2,1665.507031
Mianyang - Guangzhou,143,3,3,1844.370165
Mianyang - Shanghai,143,4,4,1981.550784
Mudanjiang - Beijing,144,1,1,1603.034918
Mudanjiang - Shanghai,144,4,2,2865.271139
Mudanjiang - Chengdu,144,2,3,3427.256407
Mudanjiang - Guangzhou,144,3,4,3800.192199
Nanchang - Shanghai,145,4,1,773.0051047
Nanchang - Guangzhou,145,3,2,847.5899161
Nanchang - Beijing,145,1,3,1551.818276
Nanchang - Chengdu,145,2,4,1671.111354
Nanchong - Chengdu,146,2,1,223.6376751
Nanchong - Guangzhou,146,3,2,1622.022532
Nanchong - Beijing,146,1,3,1695.574441
Nanchong - Shanghai,146,4,4,1882.663942
Nanjing - Shanghai,147,4,1,313.6806606
Nanjing - Beijing,147,1,2,1072.524255
Nanjing - Guangzhou,147,3,3,1445.472609
Nanjing - Chengdu,147,2,4,1792.620956
Nanning - Guangzhou,148,3,1,668.834381
Nanning - Chengdu,148,2,2,1237.056647
Nanning - Shanghai,148,4,3,1933.786403
Nanning - Beijing,148,1,4,2405.781147
Nanping - Shanghai,149,4,1,772.5596124
Nanping - Guangzhou,149,3,2,817.2082438
Nanping - Beijing,149,1,3,1921.86967
Nanping - Chengdu,149,2,4,2052.938466
Nantong - Shanghai,150,4,1,608.2723751
Nantong - Beijing,150,1,2,1166.566075
Nantong - Guangzhou,150,3,3,1740.064323
Nantong - Chengdu,150,2,4,2045.009052
Nanyang - Beijing,151,1,1,942.265817
Nanyang - Shanghai,151,4,2,1040.01885
Nanyang - Chengdu,151,2,3,1070.399076
Nanyang - Guangzhou,151,3,4,1408.428461
Neijiang - Chengdu,152,2,1,172.8048672
Neijiang - Guangzhou,152,3,2,1550.573387
Neijiang - Beijing,152,1,3,1907.250954
Neijiang - Shanghai,152,4,4,2094.340455
Ningbo - Shanghai,153,4,1,346.6194055
Ningbo - Guangzhou,153,3,2,1423.33546
Ningbo - Beijing,153,1,3,1570.806966
Ningbo - Chengdu,153,2,4,2285.640892
Ningde - Shanghai,154,4,1,780.2853774
Ningde - Guangzhou,154,3,2,1071.081185
Ningde - Beijing,154,1,3,1984.980527
Ningde - Chengdu,154,2,4,2230.646336
Ordos - Beijing,155,1,1,817.5048033
Ordos - Chengdu,155,2,2,1501.591111
Ordos - Shanghai,155,4,3,1865.723171
Ordos - Guangzhou,155,3,4,2476.904487
Panjin - Beijing,156,1,1,602.1406961
Panjin - Shanghai,156,4,2,1864.376918
Panjin - Chengdu,156,2,3,2426.362185
Panjin - Guangzhou,156,3,4,2799.297977
Panzhihua - Chengdu,157,2,1,649.019564
Panzhihua - Guangzhou,157,3,2,1814.480075
Panzhihua - Beijing,157,1,3,2465.773145
Panzhihua - Shanghai,157,4,4,2694.39182
Pingdingshan - Beijing,158,1,1,823.6436089
Pingdingshan - Shanghai,158,4,2,999.4563849
Pingdingshan - Chengdu,158,2,3,1194.035434
Pingdingshan - Guangzhou,158,3,4,1482.776446
Pingliang - Chengdu,159,2,1,803.8238698
Pingliang - Beijing,159,1,2,1294.507104
Pingliang - Shanghai,159,4,3,1738.728146
Pingliang - Guangzhou,159,3,4,2127.758052
Pingxiang - Guangzhou,160,3,1,644.5270094
Pingxiang - Shanghai,160,4,2,978.4038034
Pingxiang - Chengdu,160,2,3,1408.366798
Pingxiang - Beijing,160,1,4,1654.656831
Putian - Guangzhou,161,3,1,852.1082724
Putian - Shanghai,161,4,2,1003.472177
Putian - Beijing,161,1,3,2152.782234
Putian - Chengdu,161,2,4,2283.851031
Puyang - Beijing,162,1,1,525.9922762
Puyang - Shanghai,162,4,2,982.5646918
Puyang - Chengdu,162,2,3,1442.530394
Puyang - Guangzhou,162,3,4,1745.869726
Qingdao - Beijing,163,1,1,697.4136814
Qingdao - Shanghai,163,4,2,911.7673064
Qingdao - Chengdu,163,2,3,1986.136358
Qingdao - Guangzhou,163,3,4,2043.559255
Qingyang - Chengdu,164,2,1,817.5836209
Qingyang - Beijing,164,1,2,1197.685048
Qingyang - Shanghai,164,4,3,1692.120794
Qingyang - Guangzhou,164,3,4,2081.1507
Qingyuan - Guangzhou,165,3,1,150.5325191
Qingyuan - Shanghai,165,4,2,1315.732295
Qingyuan - Chengdu,165,2,3,1649.365804
Qingyuan - Beijing,165,1,4,2090.301111
Qinhuangdao - Beijing,166,1,1,285.4252112
Qinhuangdao - Shanghai,166,4,2,1547.661433
Qinhuangdao - Chengdu,166,2,3,2109.6467
Qinhuangdao - Guangzhou,166,3,4,2482.582493
Qinzhou - Guangzhou,167,3,1,645.6256792
Qinzhou - Chengdu,167,2,2,1399.163094
Qinzhou - Shanghai,167,4,3,2035.059281
Qinzhou - Beijing,167,1,4,2508.0487
Qiqihar - Beijing,168,1,1,1183.171179
Qiqihar - Shanghai,168,4,2,2512.87398
Qiqihar - Chengdu,168,2,3,3005.006402
Qiqihar - Guangzhou,168,3,4,3421.618544
Qitaihe - Beijing,169,1,1,1670.604241
Qitaihe - Shanghai,169,4,2,2932.840463
Qitaihe - Chengdu,169,2,3,3494.82573
Qitaihe - Guangzhou,169,3,4,3867.761523
Quanzhou - Guangzhou,170,3,1,773.2686741
Quanzhou - Shanghai,170,4,2,1062.104416
Quanzhou - Beijing,170,1,3,2211.414473
Quanzhou - Chengdu,170,2,4,2243.564257
Qujing - Chengdu,171,2,1,806.470492
Qujing - Guangzhou,171,3,2,1369.111874
Qujing - Shanghai,171,4,3,2239.750545
Qujing - Beijing,171,1,4,2483.970126
Quzhou - Shanghai,172,4,1,412.7992751
Quzhou - Guangzhou,172,3,2,1075.34957
Quzhou - Beijing,172,1,3,1617.494425
Quzhou - Chengdu,172,2,4,1971.710239
Rizhao - Beijing,173,1,1,715.4610023
Rizhao - Shanghai,173,4,2,750.4696096
Rizhao - Chengdu,173,2,3,1861.842267
Rizhao - Guangzhou,173,3,4,1882.261558
Sanmenxia - Beijing,174,1,1,915.3729031
Sanmenxia - Chengdu,174,2,2,1010.627098
Sanmenxia - Shanghai,174,4,3,1190.817727
Sanmenxia - Guangzhou,174,3,4,1751.862892
Sanming - Guangzhou,175,3,1,738.4447951
Sanming - Shanghai,175,4,2,854.2677764
Sanming - Beijing,175,1,3,2003.577833
Sanming - Chengdu,175,2,4,2012.348176
Sanya - Guangzhou,176,3,1,903.4615706
Sanya - Chengdu,176,2,2,1969.229176
Sanya - Shanghai,176,4,3,2321.01024
Sanya - Beijing,176,1,4,3003.249538
Shanghai - Shanghai,177,4,1,0
Shanghai - Beijing,177,1,2,1386.204916
Shanghai - Guangzhou,177,3,3,1466.264814
Shanghai - Chengdu,177,2,4,2106.301617
Shangluo - Chengdu,178,2,1,884.8842778
Shangluo - Beijing,178,1,2,1102.351389
Shangluo - Shanghai,178,4,3,1362.976664
Shangluo - Guangzhou,178,3,4,1704.445038
Shangqiu - Shanghai,179,4,1,748.554632
Shangqiu - Beijing,179,1,2,758.7506657
Shangqiu - Chengdu,179,2,3,1435.306305
Shangqiu - Guangzhou,179,3,4,1577.53112
Shangrao - Shanghai,180,4,1,508.2018049
Shangrao - Guangzhou,180,3,2,958.0630095
Shangrao - Beijing,180,1,3,1640.258055
Shangrao - Chengdu,180,2,4,1878.568796
Shantou - Guangzhou,181,3,1,424.6476164
Shantou - Shanghai,181,4,2,1299.201086
Shantou - Chengdu,181,2,3,2084.34662
Shantou - Beijing,181,1,4,2364.945014
Shanwei - Guangzhou,182,3,1,285.6048242
Shanwei - Shanghai,182,4,2,1415.071005
Shanwei - Chengdu,182,2,3,2008.983078
Shanwei - Beijing,182,1,4,2415.390071
Shaoguan - Guangzhou,183,3,1,236.4675438
Shaoguan - Shanghai,183,4,2,1246.629528
Shaoguan - Chengdu,183,2,3,1565.271583
Shaoguan - Beijing,183,1,4,2004.493478
Shaoxing - Shanghai,184,4,1,239.0280388
Shaoxing - Guangzhou,184,3,2,1319.85791
Shaoxing - Beijing,184,1,3,1463.215599
Shaoxing - Chengdu,184,2,4,2178.049526
Shaoyang - Guangzhou,185,3,1,664.2580312
Shaoyang - Chengdu,185,2,2,1141.696193
Shaoyang - Shanghai,185,4,3,1257.072129
Shaoyang - Beijing,185,1,4,1778.848556
Shenyang - Beijing,186,1,1,726.0037988
Shenyang - Shanghai,186,4,2,1988.24002
Shenyang - Chengdu,186,2,3,2550.225288
Shenyang - Guangzhou,186,3,4,2923.16108
Shenzhen - Guangzhou,187,3,1,132.8563032
Shenzhen - Shanghai,187,4,2,1489.221848
Shenzhen - Chengdu,187,2,3,1856.234557
Shenzhen - Beijing,187,1,4,2373.689934
Shijiazhuang - Beijing,188,1,1,281.1916122
Shijiazhuang - Shanghai,188,4,2,1267.886126
Shijiazhuang - Chengdu,188,2,3,1547.918811
Shijiazhuang - Guangzhou,188,3,4,1965.17345
Shiyan - Chengdu,189,2,1,843.9963129
Shiyan - Beijing,189,1,2,1168.524323
Shiyan - Shanghai,189,4,3,1262.305304
Shiyan - Guangzhou,189,3,4,1516.130396
Shizuishan - Beijing,190,1,1,1133.825731
Shizuishan - Chengdu,190,2,2,1320.384998
Shizuishan - Shanghai,190,4,3,2083.064772
Shizuishan - Guangzhou,190,3,4,2600.058318
Shuangyashan - Beijing,191,1,1,1660.578797
Shuangyashan - Shanghai,191,4,2,2922.815018
Shuangyashan - Chengdu,191,2,3,3484.800286
Shuangyashan - Guangzhou,191,3,4,3857.736078
Shuozhou - Beijing,192,1,1,442.6858411
Shuozhou - Shanghai,192,4,2,1566.635181
Shuozhou - Chengdu,192,2,3,1585.913316
Shuozhou - Guangzhou,192,3,4,2199.385853
Simao - Chengdu,193,2,1,1224.105989
Simao - Guangzhou,193,3,2,1668.444299
Simao - Shanghai,193,4,3,2801.656416
Simao - Beijing,193,1,4,3040.85957
Siping - Beijing,194,1,1,875.2786848
Siping - Shanghai,194,4,2,2137.514906
Siping - Chengdu,194,2,3,2699.500174
Siping - Guangzhou,194,3,4,3072.435966
Songyuan - Beijing,195,1,1,1055.425274
Songyuan - Shanghai,195,4,2,2375.870465
Songyuan - Chengdu,195,2,3,2877.260498
Songyuan - Guangzhou,195,3,4,3293.87264
Suihua - Beijing,196,1,1,1331.706181
Suihua - Shanghai,196,4,2,2615.828933
Suihua - Chengdu,196,2,3,3153.541404
Suihua - Guangzhou,196,3,4,3550.749993
Suining - Chengdu,197,2,1,181.6736013
Suining - Guangzhou,197,3,2,1641.448874
Suining - Beijing,197,1,3,1799.213912
Suining - Shanghai,197,4,4,1986.303413
Suizhou - Shanghai,198,4,1,986.215336
Suizhou - Beijing,198,1,2,1099.512165
Suizhou - Chengdu,198,2,3,1148.771377
Suizhou - Guangzhou,198,3,4,1214.421795
Suqian - Shanghai,199,4,1,569.1307124
Suqian - Beijing,199,1,2,864.4858188
Suqian - Guangzhou,199,3,3,1700.922661
Suqian - Chengdu,199,2,4,1724.870129
Suzhou_Anhui - Shanghai,200,4,1,596.3961635
Suzhou_Anhui - Beijing,200,1,2,801.0989539
Suzhou_Anhui - Chengdu,200,2,3,1604.428791
Suzhou_Anhui - Guangzhou,200,3,4,1633.835937
Suzhou_Jiangsu - Shanghai,201,4,1,97.11966949
Suzhou_Jiangsu - Beijing,201,1,2,1289.085246
Suzhou_Jiangsu - Guangzhou,201,3,3,1491.777899
Suzhou_Jiangsu - Chengdu,201,2,4,2009.181948
Tai'an - Beijing,202,1,1,487.5205406
Tai'an - Shanghai,202,4,2,911.7746684
Tai'an - Chengdu,202,2,3,1665.239648
Tai'an - Guangzhou,202,3,4,1885.150105
Taiyuan - Beijing,203,1,1,471.7403166
Taiyuan - Shanghai,203,4,2,1368.884237
Taiyuan - Chengdu,203,2,3,1388.792589
Taiyuan - Guangzhou,203,3,4,2002.265127
Taizhou_Jiangsu - Shanghai,204,4,1,475.2740461
Taizhou_Jiangsu - Beijing,204,1,2,1063.578901
Taizhou_Jiangsu - Guangzhou,204,3,3,1607.065994
Taizhou_Jiangsu - Chengdu,204,2,4,1912.010723
Taizhou_Zhejiang - Shanghai,205,4,1,487.7752172
Taizhou_Zhejiang - Guangzhou,205,3,2,1398.067591
Taizhou_Zhejiang - Beijing,205,1,3,1711.962778
Taizhou_Zhejiang - Chengdu,205,2,4,2278.269075
Tangshan - Beijing,206,1,1,173.0347367
Tangshan - Shanghai,206,4,2,1424.071518
Tangshan - Chengdu,206,2,3,1991.982736
Tangshan - Guangzhou,206,3,4,2358.992578
Tianjin - Beijing,207,1,1,134.9305656
Tianjin - Shanghai,207,4,2,1325.091684
Tianjin - Chengdu,207,2,3,1895.03074
Tianjin - Guangzhou,207,3,4,2262.040582
Tianshui - Chengdu,208,2,1,645.5014203
Tianshui - Beijing,208,1,2,1380.631191
Tianshui - Shanghai,208,4,3,1757.854526
Tianshui - Guangzhou,208,3,4,2140.700385
Tieling - Beijing,209,1,1,794.501041
Tieling - Shanghai,209,4,2,2056.737262
Tieling - Chengdu,209,2,3,2618.72253
Tieling - Guangzhou,209,3,4,2991.658322
Tongchuan - Chengdu,210,2,1,858.7254298
Tongchuan - Beijing,210,1,2,1033.381154
Tongchuan - Shanghai,210,4,3,1488.543653
Tongchuan - Guangzhou,210,3,4,1901.701003
Tonghua - Beijing,211,1,1,995.084214
Tonghua - Shanghai,211,4,2,2257.320435
Tonghua - Chengdu,211,2,3,2819.305703
Tonghua - Guangzhou,211,3,4,3192.241495
Tongliao - Beijing,212,1,1,750.0436148
Tongliao - Shanghai,212,4,2,2070.488805
Tongliao - Chengdu,212,2,3,2571.878838
Tongliao - Guangzhou,212,3,4,2988.49098
Tongling - Shanghai,213,4,1,406.7832419
Tongling - Beijing,213,1,2,1261.653202
Tongling - Guangzhou,213,3,3,1297.723505
Tongling - Chengdu,213,2,4,1937.502646
Ulanqab - Beijing,214,1,1,372.4348789
Ulanqab - Shanghai,214,4,2,1707.765613
Ulanqab - Chengdu,214,2,3,1829.218449
Ulanqab - Guangzhou,214,3,4,2412.839539
Urumqi - Chengdu,215,2,1,2712.497051
Urumqi - Beijing,215,1,2,3099.141393
Urumqi - Shanghai,215,4,3,3841.556645
Urumqi - Guangzhou,215,3,4,4230.586551
Weifang - Beijing,216,1,1,546.6988669
Weifang - Shanghai,216,4,2,905.6895696
Weifang - Chengdu,216,2,3,1898.380644
Weifang - Guangzhou,216,3,4,2037.481518
Weihai - Beijing,217,1,1,857.867398
Weihai - Shanghai,217,4,2,1130.168215
Weihai - Chengdu,217,2,3,2204.537266
Weihai - Guangzhou,217,3,4,2261.960163
Weinan - Chengdu,218,2,1,822.6361735
Weinan - Beijing,218,1,2,1001.90137
Weinan - Shanghai,218,4,3,1379.124706
Weinan - Guangzhou,218,3,4,1797.394159
Wenzhou - Beijing,219,1,3,1623
Wenzhou - Shanghai,219,4,1,464
Wenzhou - Chengdu,219,2,4,1997
Wenzhou - Guangzhou,219,3,2,1193
Wuhai - Beijing,220,1,1,1053.833453
Wuhai - Chengdu,220,2,2,1379.419469
Wuhai - Shanghai,220,4,3,2057.740054
Wuhai - Guangzhou,220,3,4,2614.337419
Wuhan - Shanghai,221,4,1,907.5015486
Wuhan - Guangzhou,221,3,2,1053.407575
Wuhan - Beijing,221,1,3,1194.084698
Wuhan - Chengdu,221,2,4,1319.57751
Wuhu - Shanghai,222,4,1,319.0142422
Wuhu - Beijing,222,1,2,1258.156218
Wuhu - Guangzhou,222,3,3,1281.840048
Wuhu - Chengdu,222,2,4,1978.25292
Wuwei - Chengdu,223,2,1,1141.061854
Wuwei - Beijing,223,1,2,1525.441265
Wuwei - Shanghai,223,4,3,2267.856517
Wuwei - Guangzhou,223,3,4,2656.886423
Wuxi - Shanghai,224,4,1,136.0616495
Wuxi - Beijing,224,1,2,1250.143266
Wuxi - Guangzhou,224,3,3,1452.835919
Wuxi - Chengdu,224,2,4,1970.239968
Wuzhong - Beijing,225,1,1,1169.912769
Wuzhong - Chengdu,225,2,2,1176.309293
Wuzhong - Shanghai,225,4,3,1985.024931
Wuzhong - Guangzhou,225,3,4,2455.982613
Wuzhou - Guangzhou,226,3,1,330.7850308
Wuzhou - Chengdu,226,2,2,1445.573442
Wuzhou - Shanghai,226,4,3,1634.653161
Wuzhou - Beijing,226,1,4,2275.751783
Xi'an - Chengdu,227,2,1,768.9544965
Xi'an - Beijing,227,1,2,1055.266992
Xi'an - Shanghai,227,4,3,1432.490328
Xi'an - Guangzhou,227,3,4,1816.021656
Xiamen - Guangzhou,228,3,1,696.0526653
Xiamen - Shanghai,228,4,2,1147.159026
Xiamen - Chengdu,228,2,3,2200.152639
Xiamen - Beijing,228,1,4,2279.704956
Xiangfan - Chengdu,229,2,1,1057.26561
Xiangfan - Beijing,229,1,2,1173.109265
Xiangfan - Shanghai,229,4,3,1223.709994
Xiangfan - Guangzhou,229,3,4,1350.524421
Xiangtan - Guangzhou,230,3,1,660.8422804
Xiangtan - Shanghai,230,4,2,1090.607162
Xiangtan - Chengdu,230,2,3,1296.163439
Xiangtan - Beijing,230,1,4,1612.383589
Xianning - Shanghai,231,4,1,948.225629
Xianning - Guangzhou,231,3,2,975.1339089
Xianning - Beijing,231,1,3,1288.51747
Xianning - Chengdu,231,2,4,1407.810548
Xianyang - Chengdu,232,2,1,754.5695571
Xianyang - Beijing,232,1,2,1080.146862
Xianyang - Shanghai,232,4,3,1457.370198
Xianyang - Guangzhou,232,3,4,1840.216056
Xiaogan - Shanghai,233,4,1,920.878795
Xiaogan - Guangzhou,233,3,2,1108.484812
Xiaogan - Beijing,233,1,3,1132.348819
Xiaogan - Chengdu,233,2,4,1262.889381
Xingtai - Beijing,234,1,1,389.4667215
Xingtai - Shanghai,234,4,2,1154.415509
Xingtai - Chengdu,234,2,3,1478.582106
Xingtai - Guangzhou,234,3,4,1851.702832
Xining - Chengdu,235,2,1,1046.53319
Xining - Beijing,235,1,2,1769.830327
Xining - Shanghai,235,4,3,2270.656596
Xining - Guangzhou,235,3,4,2653.502455
Xinxiang - Beijing,236,1,1,609.6935602
Xinxiang - Shanghai,236,4,2,1021.634114
Xinxiang - Chengdu,236,2,3,1317.981801
Xinxiang - Guangzhou,236,3,4,1632.81543
Xinyang - Shanghai,237,4,1,845.1610115
Xinyang - Beijing,237,1,2,989.6428055
Xinyang - Guangzhou,237,3,3,1251.232298
Xinyang - Chengdu,237,2,4,1261.216348
Xinyu - Guangzhou,238,3,1,697.5681538
Xinyu - Shanghai,238,4,2,857.9357501
Xinyu - Chengdu,238,2,3,1528.834851
Xinyu - Beijing,238,1,4,1698.491462
Xinzhou - Beijing,239,1,1,443.2133269
Xinzhou - Shanghai,239,4,2,1439.433231
Xinzhou - Chengdu,239,2,3,1458.711366
Xinzhou - Guangzhou,239,3,4,2072.183904
Xuchang - Beijing,240,1,1,768.719142
Xuchang - Shanghai,240,4,2,940.5077255
Xuchang - Chengdu,240,2,3,1248.084685
Xuchang - Guangzhou,240,3,4,1472.114489
Xuzhou - Shanghai,241,4,1,650.5505897
Xuzhou - Beijing,241,1,2,741.5549504
Xuzhou - Chengdu,241,2,3,1583.869509
Xuzhou - Guangzhou,241,3,4,1693.522525
Ya'an - Chengdu,242,2,1,153.8427809
Ya'an - Guangzhou,242,3,2,1792.538266
Ya'an - Beijing,242,1,3,1968.882086
Ya'an - Shanghai,242,4,4,2260.144398
Yan'an - Beijing,243,1,1,901.8789078
Yan'an - Chengdu,243,2,2,1090.467201
Yan'an - Shanghai,243,4,3,1564.941357
Yan'an - Guangzhou,243,3,4,2080.369479
Yancheng - Shanghai,244,4,1,611.5584814
Yancheng - Beijing,244,1,2,962.8930306
Yancheng - Guangzhou,244,3,3,1743.35043
Yancheng - Chengdu,244,2,4,1939.548358
Yangjiang - Guangzhou,245,3,1,254.761102
Yangjiang - Chengdu,245,2,2,1659.702371
Yangjiang - Shanghai,245,4,3,1700.777323
Yangjiang - Beijing,245,1,4,2475.346139
Yangquan - Beijing,246,1,1,372.201201
Yangquan - Shanghai,246,4,2,1297.649015
Yangquan - Chengdu,246,2,3,1460.244519
Yangquan - Guangzhou,246,3,4,1982.138704
Yangzhou - Shanghai,247,4,1,479.2021582
Yangzhou - Beijing,247,1,2,985.4450341
Yangzhou - Guangzhou,247,3,3,1610.994106
Yangzhou - Chengdu,247,2,4,1915.938835
Yantai - Beijing,248,1,1,797.9078656
Yantai - Shanghai,248,4,2,1070.208682
Yantai - Chengdu,248,2,3,2144.577734
Yantai - Guangzhou,248,3,4,2202.000631
Yibin - Chengdu,249,2,1,284.7658707
Yibin - Guangzhou,249,3,2,1555.409912
Yibin - Beijing,249,1,3,1995.340479
Yibin - Shanghai,249,4,4,2182.429979
Yichang - Chengdu,250,2,1,1077.231646
Yichang - Shanghai,250,4,2,1248.163559
Yichang - Guangzhou,250,3,3,1265.596696
Yichang - Beijing,250,1,4,1333.798421
Yicheng - Chengdu,251,2,1,1091.308292
Yicheng - Shanghai,251,4,2,1186.457884
Yicheng - Beijing,251,1,3,1207.151947
Yicheng - Guangzhou,251,3,4,1313.272312
Yichun_Heilongjiang - Beijing,252,1,1,1672.626273
Yichun_Heilongjiang - Shanghai,252,4,2,2956.749025
Yichun_Heilongjiang - Chengdu,252,2,3,3494.461496
Yichun_Heilongjiang - Guangzhou,252,3,4,3891.670085
Yichun_Jiangxi - Guangzhou,253,3,1,686.4907117
Yichun_Jiangxi - Shanghai,253,4,2,920.1924888
Yichun_Jiangxi - Chengdu,253,2,3,1467.625711
Yichun_Jiangxi - Beijing,253,1,4,1659.747046
Yinchuan - Beijing,254,1,1,1195.868557
Yinchuan - Chengdu,254,2,2,1258.342172
Yinchuan - Shanghai,254,4,3,2040.587557
Yinchuan - Guangzhou,254,3,4,2538.015492
Yingkou - Beijing,255,1,1,681.4697558
Yingkou - Shanghai,255,4,2,1943.705977
Yingkou - Chengdu,255,2,3,2505.691245
Yingkou - Guangzhou,255,3,4,2878.627037
Yingtan - Shanghai,256,4,1,612.124747
Yingtan - Guangzhou,256,3,2,854.1400674
Yingtan - Beijing,256,1,3,1690.092709
Yingtan - Chengdu,256,2,4,1774.645854
Yiyang - Guangzhou,257,3,1,797.3497612
Yiyang - Shanghai,257,4,2,1210.633595
Yiyang - Chengdu,257,2,3,1271.972883
Yiyang - Beijing,257,1,4,1667.007722
Yongzhou - Guangzhou,258,3,1,621.1649082
Yongzhou - Chengdu,258,2,2,1193.974837
Yongzhou - Shanghai,258,4,3,1321.775789
Yongzhou - Beijing,258,1,4,1862.98735
Yueyang - Guangzhou,259,3,1,847.9847224
Yueyang - Shanghai,259,4,2,1039.196411
Yueyang - Beijing,259,1,3,1415.666657
Yueyang - Chengdu,259,2,4,1478.911321
Yulin_Guangxi - Guangzhou,260,3,1,431.3068408
Yulin_Guangxi - Chengdu,260,2,2,1391.499929
Yulin_Guangxi - Shanghai,260,4,3,1820.740443
Yulin_Guangxi - Beijing,260,1,4,2435.341184
Yulin_Shaanxi - Beijing,261,1,1,826.8968839
Yulin_Shaanxi - Chengdu,261,2,2,1383.967278
Yulin_Shaanxi - Shanghai,261,4,3,1692.602111
Yulin_Shaanxi - Guangzhou,261,3,4,2303.783427
Yuncheng - Beijing,262,1,1,829.1521384
Yuncheng - Chengdu,262,2,2,995.6210329
Yuncheng - Shanghai,262,4,3,1290.735665
Yuncheng - Guangzhou,262,3,4,1870.311012
Yunfu - Guangzhou,263,3,1,177.856757
Yunfu - Chengdu,263,2,2,1585.477472
Yunfu - Shanghai,263,4,3,1595.405426
Yunfu - Beijing,263,1,4,2364.030271
Yuxi - Chengdu,264,2,1,1004.306816
Yuxi - Guangzhou,264,3,2,1565.68787
Yuxi - Shanghai,264,4,3,2471.178167
Yuxi - Beijing,264,1,4,2715.397749
Zaozhuang - Beijing,265,1,1,654.0883347
Zaozhuang - Shanghai,265,4,2,755.3909065
Zaozhuang - Chengdu,265,2,3,1625.547678
Zaozhuang - Guangzhou,265,3,4,1762.54103
Zhangjiajie - Chengdu,266,2,1,962.6035759
Zhangjiajie - Guangzhou,266,3,2,1066.378022
Zhangjiajie - Shanghai,266,4,3,1435.601137
Zhangjiajie - Beijing,266,1,4,1562.856252
Zhangjiakou - Beijing,267,1,1,192.7914162
Zhangjiakou - Shanghai,267,4,2,1563.890173
Zhangjiakou - Chengdu,267,2,3,1874.143312
Zhangjiakou - Guangzhou,267,3,4,2407.481432
Zhangye - Chengdu,268,2,1,1382.132264
Zhangye - Beijing,268,1,2,1766.894621
Zhangye - Shanghai,268,4,3,2509.309873
Zhangye - Guangzhou,268,3,4,2898.339779
Zhangzhou - Guangzhou,269,3,1,684.8395697
Zhangzhou - Shanghai,269,4,2,1120.740594
Zhangzhou - Chengdu,269,2,3,2188.939543
Zhangzhou - Beijing,269,1,4,2241.116854
Zhanjiang - Guangzhou,270,3,1,478.780187
Zhanjiang - Chengdu,270,2,2,1544.547792
Zhanjiang - Shanghai,270,4,3,1896.328856
Zhanjiang - Beijing,270,1,4,2578.568154
Zhaoqing - Guangzhou,271,3,1,120.5736951
Zhaoqing - Shanghai,271,4,2,1538.122364
Zhaoqing - Chengdu,271,2,3,1637.054072
Zhaoqing - Beijing,271,1,4,2306.747209
Zhaotong - Chengdu,272,2,1,513.4413158
Zhaotong - Guangzhou,272,3,2,1533.672923
Zhaotong - Beijing,272,1,3,2234.169859
Zhaotong - Shanghai,272,4,4,2244.448119
Zhengzhou - Beijing,273,1,1,687.6150622
Zhengzhou - Shanghai,273,4,2,950.6986817
Zhengzhou - Chengdu,273,2,3,1256.486937
Zhengzhou - Guangzhou,273,3,4,1553.218568
Zhenjiang - Shanghai,274,4,1,243.6788486
Zhenjiang - Beijing,274,1,2,1142.526067
Zhenjiang - Guangzhou,274,3,3,1486.414638
Zhenjiang - Chengdu,274,2,4,1862.622768
Zhongshan - Guangzhou,275,3,1,92.35803275
Zhongshan - Shanghai,275,4,2,1538.374254
Zhongshan - Chengdu,275,2,3,1774.435055
Zhongshan - Beijing,275,1,4,2312.94307
Zhongwei - Chengdu,276,2,1,1136.144458
Zhongwei - Beijing,276,1,2,1293.72277
Zhongwei - Shanghai,276,4,3,2071.910165
Zhongwei - Guangzhou,276,3,4,2460.940071
Zhoukou - Beijing,277,1,1,829.2238735
Zhoukou - Shanghai,277,4,2,882.2559811
Zhoukou - Chengdu,277,2,3,1298.266614
Zhoukou - Guangzhou,277,3,4,1451.374735
Zhoushan - Shanghai,278,4,1,410.721619
Zhoushan - Guangzhou,278,3,2,1487.437674
Zhoushan - Beijing,278,1,3,1634.909179
Zhoushan - Chengdu,278,2,4,2349.743106
Zhuhai - Guangzhou,279,3,1,148.9271091
Zhuhai - Shanghai,279,4,2,1594.94333
Zhuhai - Chengdu,279,2,3,1831.004131
Zhuhai - Beijing,279,1,4,2369.512146
Zhumadian - Beijing,280,1,1,889.9393323
Zhumadian - Shanghai,280,4,2,926.249071
Zhumadian - Chengdu,280,2,3,1247.595632
Zhumadian - Guangzhou,280,3,4,1350.894298
Zhuzhou - Guangzhou,281,3,1,662.407197
Zhuzhou - Shanghai,281,4,2,1054.634201
Zhuzhou - Chengdu,281,2,3,1332.1364
Zhuzhou - Beijing,281,1,4,1615.606363
Zibo - Beijing,282,1,1,487.2005799
Zibo - Shanghai,282,4,2,943.3108608
Zibo - Chengdu,282,2,3,1808.795349
Zibo - Guangzhou,282,3,4,2028.705805
Zigong - Chengdu,283,2,1,210.0071727
Zigong - Guangzhou,283,3,2,1558.867227
Zigong - Beijing,283,1,3,1944.406396
Zigong - Shanghai,283,4,4,2131.495897
Ziyang - Chengdu,284,2,1,94.01696724
Ziyang - Guangzhou,284,3,2,1634.29092
Ziyang - Beijing,284,1,3,1914.36388
Ziyang - Shanghai,284,4,4,2150.56984
Zunyi - Chengdu,285,2,1,501.5787692
Zunyi - Guangzhou,285,3,2,1222.633442
Zunyi - Shanghai,285,4,3,1886.025789
Zunyi - Beijing,285,1,4,1955.615861
